NOM,GENRE,TELEPHONE,LOCALISATION_ZONE,EST_USER_APP
Rami Rivera,Female,+42274127271,Rovaniemi,0
Zhang Gonzalez,Male,+31918066796,Utsjoki,0
Layla Al-Farsi,Male,+94565155708,Utsjoki,0
Ren Kobayashi,Female,+85673668695,Enontekiö,0
Nao Yamamoto,Male,+43622020100,Rovaniemi,1
Ava Rivera,Male,+20813380824,Kittilä,0
Ava Flores,Male,+17414108318,Kittilä,0
Noor Ito,Female,+86403434711,Inari,1
Ren Sharif,Female,+60627206135,Rovaniemi,0
Noor Davis,Male,+76321193337,Muonio,1
Min Smith,Female,+37126506183,Rovaniemi,1
Santiago Brown,Male,+93944746307,Kolari,0
Yara Gao,Female,+44654005178,Kemijärvi,0
Maria Haddad,Female,+91664516605,Kolari,0
Mia Martinez,Female,+19560982122,Utsjoki,0
Layla Watanabe,Female,+25991440090,Inari,0
Luis Xu,Female,+7423993917,Inari,0
Camila Yamamoto,Male,+56152402167,Utsjoki,0
Hassan Lin,Female,+35611812829,Kittilä,0
Zhang Rodriguez,Male,+20216032003,Kittilä,1
Wei Ito,Male,+11278621764,Enontekiö,1
Noah Xu,Male,+67476767524,Utsjoki,0
Mia Watanabe,Male,+20218994826,Sodankylä,0
Mateo Watanabe,Male,+50606758507,Rovaniemi,0
Oliver Zhou,Male,+46183673119,Kittilä,0
Noor Nakamura,Male,+40306169798,Utsjoki,0
Hassan Yamamoto,Female,+38198023619,Muonio,0
Sora Sabri,Female,+81130577922,Enontekiö,1
Wang Gao,Male,+82156229064,Rovaniemi,0
Maria Sanchez,Female,+48563419483,Kittilä,1
Ava Takahashi,Male,+63667981720,Rovaniemi,0
Hassan Smith,Female,+10466448118,Pajala,0
Tao Sabri,Female,+47765450306,Sodankylä,0
Aiko Sharif,Female,+14634242960,Muonio,1
Ren Ito,Female,+24495327841,Kittilä,0
Aiko Gao,Male,+17455987585,Inari,0
Isabella Zhao,Male,+78777347011,Kolari,0
Maria Gao,Female,+68508222919,Rovaniemi,0
Ava Sabri,Male,+53269726546,Enontekiö,1
Liu Torres,Male,+32121587744,Sodankylä,0
Santiago Zhou,Male,+95315385044,Muonio,0
Amir Miller,Male,+94655668776,Pajala,0
Hiroshi Sato,Female,+89300233349,Kolari,1
Nao Takahashi,Female,+17269312458,Kittilä,0
Diego Watanabe,Female,+65578398465,Kemijärvi,1
Maria Chen,Female,+97276919285,Kittilä,0
Elijah Smith,Male,+73560865428,Enontekiö,1
Sophia Sato,Male,+11868316846,Muonio,0
Elijah Wu,Female,+62758357293,Utsjoki,1
Lucia Xu,Female,+46125905521,Sodankylä,0
Oliver Brown,Female,+21757161571,Utsjoki,1
Luis Khalil,Female,+89717956998,Sodankylä,1
Carlos Flores,Male,+30434951179,Kolari,0
Mei Brown,Male,+42611020832,Utsjoki,0
Noor Miller,Female,+71740543954,Pajala,0
Valentina Watanabe,Male,+26452187148,Muonio,0
Yuki Sharif,Female,+76520602931,Muonio,0
Lucia Tanaka,Male,+91946456281,Sodankylä,1
Valentina Rahman,Female,+1163586885,Rovaniemi,0
Sara Ramirez,Male,+63877304343,Enontekiö,0
Ren Khalil,Male,+13882967082,Kittilä,0
Sora Nakamura,Male,+72260866638,Inari,0
Isabella Rivera,Male,+55459181791,Kemijärvi,0
Sara Haddad,Female,+63905463883,Rovaniemi,0
Wei Xu,Female,+27660871182,Kittilä,0
Layla El-Amin,Male,+50380170013,Kemijärvi,0
Rami Zhao,Female,+64130076762,Muonio,0
Maria Garcia,Male,+12906486886,Sodankylä,1
Maria Flores,Female,+6871888040,Pajala,1
Sophia El-Amin,Female,+52252061149,Sodankylä,1
Mei Tanaka,Male,+12660513597,Inari,0
Luis Wu,Female,+1388909929,Kittilä,1
Yara Takahashi,Male,+66335002328,Kemijärvi,0
Luis Ito,Female,+67793711000,Enontekiö,1
Yuki Aziz,Male,+82702303077,Pajala,0
Mei Khalil,Male,+7294306208,Rovaniemi,0
Yuki Lin,Female,+75373149977,Utsjoki,1
Hiroshi Xu,Male,+78367907208,Kittilä,1
Wang Fahmi,Female,+46653302091,Enontekiö,1
Maria Watanabe,Male,+22798533528,Pajala,0
Takumi Rivera,Female,+52641490931,Kittilä,0
Zayn Kato,Male,+98832067473,Rovaniemi,0
Ava El-Amin,Female,+21732705619,Muonio,1
Takumi Mendoza,Female,+30202961111,Kittilä,0
Ren Kobayashi,Female,+95412559197,Kolari,0
Takumi Xu,Male,+2392486541,Kemijärvi,0
Yuki Jones,Male,+25729745450,Kemijärvi,1
Aisha Miller,Female,+52859612768,Utsjoki,0
Hua Lin,Female,+59760182706,Sodankylä,1
Aiko Aziz,Female,+52243924328,Pajala,0
Diego Lopez,Male,+96819583762,Sodankylä,0
Liu Sharif,Male,+3932484180,Inari,1
Elijah Martinez,Male,+73896184344,Kittilä,1
Hua Perez,Male,+85386050641,Kittilä,1
Takumi Gao,Female,+26571391087,Kolari,0
Oliver Torres,Female,+47389642187,Inari,0
Santiago Lin,Female,+45709953768,Pajala,0
Sophia Rahman,Male,+50121017713,Rovaniemi,0
Jose Haddad,Female,+60715118414,Kemijärvi,0
Sara Gao,Male,+66453761860,Pajala,1
Noah Rivera,Male,+38553839175,Inari,0
Diego Ramirez,Male,+77679560690,Kolari,1
Luis Takahashi,Male,+53551583845,Sodankylä,0
Yara Rivera,Female,+34280124591,Enontekiö,0
Sara Mendoza,Male,+84906018673,Utsjoki,0
Wei Yamamoto,Female,+73107243158,Kolari,0
Hassan Ramirez,Male,+71837033224,Sodankylä,0
Noah Al-Farsi,Male,+64227964084,Kemijärvi,0
Luis Nasr,Female,+76473698125,Sodankylä,1
Oliver Lin,Male,+35168234769,Kemijärvi,0
Santiago Rivera,Male,+86537829516,Muonio,0
Emma Huang,Female,+27943896243,Sodankylä,0
Takumi Kobayashi,Female,+71648714160,Inari,0
Zhang Fahmi,Male,+46836930688,Inari,0
Hiroshi Fahmi,Female,+80506517451,Rovaniemi,0
Lucia Takahashi,Female,+35390142996,Kittilä,1
Elijah Al-Farsi,Male,+34940931134,Kemijärvi,1
Luis Sato,Female,+75952301572,Sodankylä,0
Yara Perez,Male,+44146924062,Rovaniemi,0
Hiroshi Fahmi,Female,+98835316235,Sodankylä,1
Zhang Yamamoto,Female,+48983260477,Pajala,1
Liu Khalil,Female,+43952846543,Kittilä,1
Layla Sato,Female,+61255041378,Pajala,0
Isabella Sharif,Female,+94172339490,Kemijärvi,0
Camila Lin,Male,+6845537620,Muonio,1
Wei Sabri,Female,+88398467514,Kittilä,0
Elijah Hernandez,Female,+64110748761,Inari,1
Akira Lopez,Male,+28827521388,Enontekiö,0
Omar Al-Farsi,Female,+43572919550,Kittilä,0
Isabella Al-Farsi,Female,+45434335695,Sodankylä,0
Ren Nasr,Female,+99981178639,Kemijärvi,0
Mia Zhou,Male,+81275643616,Rovaniemi,0
Mateo Xu,Male,+68996227680,Utsjoki,0
Liu Flores,Female,+92439787932,Sodankylä,1
Hua Sharif,Female,+93576499411,Enontekiö,1
Layla Sanchez,Female,+21360614254,Muonio,0
Hua Perez,Female,+14807058990,Pajala,0
Yuki Ito,Male,+33454581269,Enontekiö,0
Hassan Nakamura,Female,+52416282927,Utsjoki,0
Aisha Al-Farsi,Female,+70360010918,Enontekiö,1
Elijah Sabri,Female,+66156945619,Rovaniemi,0
Maria Smith,Female,+75809298735,Pajala,0
Haruto Sato,Female,+72202559453,Utsjoki,1
Min Sun,Male,+82232248895,Utsjoki,1
Jose Flores,Male,+79871924630,Pajala,0
Akira Rivera,Female,+56426335480,Enontekiö,0
Min Sanchez,Female,+10322306895,Pajala,1
Min Brown,Male,+4228544423,Pajala,1
Diego Khalil,Female,+91568250062,Kittilä,0
Mateo Watanabe,Male,+52950659263,Kittilä,1
Hassan Williams,Male,+48567750824,Muonio,0
Ava Gonzalez,Female,+79863308192,Kittilä,0
Omar Kato,Male,+92539991397,Muonio,0
Zhang Nakamura,Male,+68600782157,Utsjoki,0
Maria Torres,Female,+19920913349,Enontekiö,0
Mia Nasr,Male,+22799036726,Utsjoki,0
Hua Tanaka,Male,+96165531592,Kittilä,0
Emma Watanabe,Female,+66522494553,Sodankylä,1
Valentina Gonzalez,Female,+88172033736,Muonio,1
Yara Sanchez,Female,+47408674848,Inari,1
Maria Flores,Male,+47520877643,Pajala,0
Santiago Smith,Female,+77146700490,Pajala,0
Sara Rodriguez,Female,+62556416133,Kittilä,0
Carlos Lin,Male,+78359622062,Kolari,0
Maria Nasr,Male,+32323017512,Utsjoki,0
Jose Davis,Female,+94922262320,Kolari,0
Noah Sato,Male,+44606609907,Kemijärvi,1
Ren Sato,Female,+77630114202,Muonio,0
Oliver Sato,Male,+63585270373,Rovaniemi,0
Hiroshi Huang,Male,+6744034639,Kolari,1
Noah Suzuki,Male,+40893346920,Kemijärvi,0
Liam Sharif,Male,+15961093227,Muonio,1
Wang Zhao,Male,+95909421108,Kittilä,0
Jing El-Amin,Female,+69657702602,Rovaniemi,1
Sora Nakamura,Male,+32401820908,Rovaniemi,0
Hua Nakamura,Female,+74629426839,Kittilä,0
Wei Wu,Male,+36968423316,Kemijärvi,0
Emma Martinez,Male,+65920277993,Pajala,0
Santiago Davis,Female,+74348681649,Pajala,1
Zayn Sanchez,Male,+80499685027,Pajala,0
Zhang Jones,Female,+91916078982,Enontekiö,0
Akira Sanchez,Female,+46746382465,Sodankylä,0
Ren Watanabe,Male,+11659629220,Rovaniemi,1
Oliver Smith,Female,+74822640361,Kemijärvi,1
Camila Mendoza,Male,+21496947877,Sodankylä,1
Carlos Flores,Male,+36945064932,Pajala,0
Emma Watanabe,Female,+21807456436,Kittilä,0
Rami Takahashi,Female,+27210167220,Muonio,1
Sophia Yamamoto,Male,+71790640727,Kittilä,1
Li Sanchez,Female,+72465945828,Enontekiö,0
Diego Rahman,Female,+18445601372,Enontekiö,0
Noah Nasr,Female,+81174827518,Muonio,0
Takumi Tanaka,Male,+58836226934,Rovaniemi,0
Amir Haddad,Female,+52960208842,Kittilä,0
Li Williams,Female,+64928815228,Inari,0
Charlotte Lin,Male,+69377589814,Kittilä,1
Zhang Davis,Female,+25662664524,Kemijärvi,0
Yuki Rivera,Female,+4945793783,Enontekiö,1
Noah Kobayashi,Female,+74645522899,Utsjoki,0
Hassan Jones,Male,+33983200348,Muonio,0
Carlos Al-Farsi,Male,+62154835565,Kemijärvi,1
Maria Johnson,Female,+20246792746,Pajala,0
Sophia Nakamura,Male,+24934257371,Kittilä,0
Mateo Hernandez,Male,+38966901628,Kittilä,0
Li Gao,Male,+29130377186,Pajala,0
Emma Sharif,Female,+94271780037,Muonio,0
Charlotte Lopez,Male,+54699427142,Enontekiö,1
Noah Ramirez,Female,+99622665260,Rovaniemi,0
Takumi El-Amin,Female,+24129629997,Kittilä,0
Aisha Sabri,Male,+76958692803,Enontekiö,1
Rami Chen,Female,+68547425802,Kittilä,0
Min Miller,Female,+75106322131,Kolari,1
Wang Sanchez,Female,+77157731612,Rovaniemi,0
Chen Sabri,Female,+1137649475,Pajala,1
Tao Khalil,Female,+81780828833,Pajala,0
Ren Sabri,Male,+90884244474,Inari,0
Tao Johnson,Female,+98946546625,Pajala,0
Haruto Kobayashi,Female,+4693661586,Kolari,0
Isabella Jones,Female,+85189720971,Enontekiö,0
Akira Jones,Female,+3597837279,Sodankylä,0
Mei Rahman,Male,+69419710714,Kittilä,0
Ren Torres,Male,+27526633306,Pajala,0
Charlotte Torres,Male,+44472809634,Sodankylä,1
Isabella Yamamoto,Male,+67541321815,Inari,1
Mia Sharif,Female,+65151096112,Kemijärvi,0
Yuki Martinez,Male,+92884383261,Rovaniemi,1
Hiroshi Sanchez,Female,+76469872153,Muonio,0
Wei Wu,Female,+3466994940,Enontekiö,0
Layla Huang,Female,+16518078272,Kemijärvi,0
Omar Tanaka,Female,+42200456895,Muonio,1
Santiago Xu,Female,+6134421070,Muonio,0
Min Zhao,Female,+33463962298,Enontekiö,0
Carlos Torres,Male,+87329170380,Inari,0
Wang Khalil,Female,+77203402947,Kittilä,0
Noah Miller,Male,+33446755743,Enontekiö,0
Maria Lin,Female,+52502784317,Rovaniemi,0
Aisha Hernandez,Female,+73814336169,Inari,1
Hiroshi Williams,Female,+62357617228,Inari,0
Jose Mendoza,Male,+77716839335,Sodankylä,1
Wei Lin,Female,+6855611708,Pajala,0
Jing Flores,Female,+4122888829,Utsjoki,1
Sophia Chen,Female,+22711652990,Sodankylä,1
Rami Garcia,Female,+15276600989,Pajala,0
Wei Smith,Female,+5104050312,Kolari,0
Jose He,Male,+77244004806,Sodankylä,1
Jing Torres,Female,+16261127675,Kittilä,0
Camila Sanchez,Female,+27848657243,Kolari,0
Mia Martinez,Male,+4185149222,Sodankylä,0
Isabella Wu,Male,+78214117741,Rovaniemi,0
Mei Mendoza,Male,+57924455359,Sodankylä,0
Noor Lopez,Female,+12252891299,Inari,0
Nao Mendoza,Male,+80194690801,Enontekiö,0
Camila Suzuki,Male,+62329260061,Kittilä,0
Valentina Johnson,Male,+88899994035,Inari,0
Emma Zhao,Female,+61607121336,Inari,0
Akira Ramirez,Male,+97120947881,Kemijärvi,0
Lucia Flores,Male,+41729509936,Kemijärvi,1
Carlos Hernandez,Female,+43930716236,Utsjoki,0
Maria Sanchez,Female,+91739203068,Kemijärvi,0
Ava Lin,Male,+20127547063,Utsjoki,0
Aiko Flores,Male,+36434114721,Kolari,0
Omar Rahman,Female,+67717185075,Kolari,1
Wang El-Amin,Male,+45272506025,Kittilä,0
Charlotte Ito,Male,+22916131363,Pajala,0
Santiago Khalil,Male,+84222927848,Inari,0
Luis Hernandez,Male,+84544758909,Muonio,0
Aiko Takahashi,Female,+41744331875,Inari,0
Isabella Smith,Male,+1359940541,Enontekiö,0
Tao Williams,Female,+7560933865,Utsjoki,0
Jing Williams,Male,+91731347135,Pajala,0
Camila He,Male,+60486942646,Kittilä,0
Aisha Sun,Female,+71316473698,Utsjoki,0
Min Garcia,Female,+4953639290,Utsjoki,1
Layla Rivera,Female,+24326958190,Kemijärvi,0
Yara Miller,Female,+29972580614,Enontekiö,0
Min Chen,Female,+30996425474,Inari,0
Diego Sun,Female,+74592950308,Sodankylä,0
Jing He,Male,+73712522558,Kolari,0
Emma Ito,Male,+15443315154,Kolari,0
Mei Huang,Female,+79684644139,Kittilä,0
Aisha Perez,Male,+14778032345,Rovaniemi,1
Zhang Kobayashi,Female,+61750469955,Utsjoki,0
Yuki Khalil,Female,+68585495607,Kemijärvi,0
Oliver Mendoza,Male,+98526947413,Rovaniemi,0
Tao Lin,Female,+20242613743,Kemijärvi,0
Lucia Ramirez,Male,+24906546448,Kemijärvi,0
Layla Sabri,Female,+56528265851,Sodankylä,0
Oliver Johnson,Male,+34983209322,Pajala,0
Li Hernandez,Male,+31857738740,Kemijärvi,0
Mateo Al-Farsi,Female,+4827356379,Enontekiö,1
Sara Williams,Female,+20315885574,Sodankylä,0
Akira Lin,Female,+48440046802,Kemijärvi,0
Diego Lin,Female,+22179864101,Enontekiö,0
Rami Zhao,Male,+25942171167,Pajala,1
Noah Davis,Female,+56866573509,Pajala,0
Noor Sato,Female,+98707904197,Sodankylä,0
Liam Nasr,Female,+86524099643,Inari,1
Layla Suzuki,Male,+27918855110,Muonio,0
Haruto Sun,Female,+91444674657,Enontekiö,1
Emma Ito,Male,+31759457527,Muonio,0
Mei Sanchez,Male,+2869756754,Utsjoki,0
Hua Yamamoto,Female,+33138139385,Rovaniemi,0
Omar Garcia,Male,+18299340322,Rovaniemi,0
Valentina Rahman,Male,+98159833188,Muonio,0
Diego Tanaka,Female,+66101424180,Utsjoki,0
Haruto Davis,Female,+21395220306,Inari,0
Lucia Sanchez,Male,+95141421258,Muonio,1
Akira Torres,Female,+94984669404,Kolari,1
Charlotte Al-Farsi,Male,+49220881878,Rovaniemi,0
Luis Brown,Female,+17998356940,Muonio,0
Tao Johnson,Male,+99157079407,Kemijärvi,0
Aisha Tanaka,Male,+99307471111,Kolari,0
Lucia Jones,Male,+13783771142,Enontekiö,0
Ava El-Amin,Female,+46182165631,Muonio,1
Jose Nasr,Male,+36394982305,Utsjoki,0
Yara Perez,Male,+60953543265,Sodankylä,0
Min Garcia,Male,+58691763069,Inari,0
Amir Nasr,Male,+72995432982,Utsjoki,0
Isabella Yamamoto,Male,+9696081867,Pajala,0
Noor Khalil,Female,+91641803750,Utsjoki,0
Liu Gao,Male,+63797313530,Inari,1
Zhang Kobayashi,Male,+21855763826,Pajala,0
Camila Sanchez,Male,+15222541881,Inari,0
Santiago Zhou,Male,+76235972192,Sodankylä,0
Ren Torres,Female,+49225227974,Enontekiö,0
Emma Zhou,Female,+78681968389,Muonio,0
Ava Hernandez,Female,+73426487550,Pajala,0
Layla Zhou,Female,+31603404194,Rovaniemi,0
Charlotte Ito,Female,+35712926767,Inari,0
Yuki Xu,Male,+45933967953,Muonio,0
Wei Hernandez,Female,+96448651717,Muonio,1
Nao Johnson,Female,+40770648952,Kemijärvi,0
Noah Sun,Male,+12293566806,Sodankylä,0
Jing Torres,Female,+40486002353,Muonio,0
Zayn Johnson,Female,+88730067960,Muonio,1
Hassan Flores,Female,+6984256276,Kemijärvi,0
Camila Sanchez,Male,+93867937684,Kolari,1
Hua Ito,Male,+58439878909,Muonio,0
Mei Kobayashi,Female,+89280444050,Sodankylä,0
Sophia Aziz,Male,+38172633266,Kolari,0
Valentina Chen,Female,+71565384932,Rovaniemi,0
Hua Nakamura,Male,+8837555445,Kittilä,0
Maria Torres,Male,+59840356199,Rovaniemi,0
Mateo Ramirez,Female,+69756930609,Enontekiö,0
Charlotte Jones,Male,+40599127350,Pajala,1
Mei Smith,Male,+67585249537,Rovaniemi,0
Emma Garcia,Female,+34190466370,Enontekiö,0
Yuki Al-Farsi,Male,+45761848960,Sodankylä,0
Nao Haddad,Female,+84254561072,Utsjoki,1
Ava Sanchez,Male,+63164139714,Kolari,0
Noor Smith,Male,+63770582471,Muonio,1
Amir Garcia,Male,+17647988700,Utsjoki,0
Tao Torres,Female,+30552825265,Kemijärvi,0
Layla Williams,Female,+10871603673,Kemijärvi,0
Emma Zhou,Female,+67951244716,Rovaniemi,0
Camila Lopez,Female,+77700650713,Rovaniemi,0
Oliver Sanchez,Male,+83815227197,Muonio,0
Wang Chen,Female,+34451047489,Kemijärvi,0
Lucia Kato,Male,+55323138576,Utsjoki,1
Hiroshi Rahman,Male,+35606338663,Rovaniemi,0
Layla Fahmi,Female,+91719731259,Kemijärvi,0
Jose Smith,Female,+28958994482,Sodankylä,0
Haruto Sabri,Female,+39513310560,Kemijärvi,0
Jose Hernandez,Male,+28538829566,Sodankylä,0
Wei Jones,Female,+42439844314,Kittilä,0
Min Fahmi,Female,+56306987394,Kemijärvi,0
Emma Johnson,Female,+37524122904,Sodankylä,0
Oliver Torres,Female,+20439309495,Kemijärvi,0
Mateo He,Male,+43739332477,Kittilä,0
Min Yamamoto,Male,+60461758967,Utsjoki,0
Hassan Gonzalez,Male,+40385347726,Muonio,0
Santiago Sabri,Female,+80115342028,Muonio,1
Zhang Davis,Male,+46630984942,Kittilä,1
Nao Khalil,Male,+38857632660,Pajala,0
Noor Huang,Male,+29729813232,Enontekiö,0
Ren Tanaka,Female,+74763307637,Muonio,0
Isabella Sato,Male,+92989548521,Kittilä,0
Santiago Perez,Male,+11932682558,Rovaniemi,0
Layla Rivera,Male,+52626329457,Kittilä,0
Zayn Lopez,Male,+59331419351,Utsjoki,1
Jose Sun,Female,+2849129516,Pajala,1
Aiko Sharif,Male,+62862440165,Pajala,0
Rami Sun,Female,+74574209555,Inari,0
Valentina Torres,Male,+44824524200,Kittilä,0
Layla Johnson,Male,+39881728762,Sodankylä,0
Sophia Watanabe,Male,+83596094534,Kittilä,1
Tao Davis,Male,+36616859307,Pajala,0
Akira Haddad,Female,+47204906242,Kolari,0
Hua Smith,Female,+66613844000,Pajala,0
Santiago Lopez,Female,+12495132227,Enontekiö,0
Omar Davis,Female,+52429364088,Pajala,0
Santiago Rivera,Female,+57905658918,Sodankylä,0
Diego Gonzalez,Male,+44489378457,Muonio,1
Li Takahashi,Male,+91249893197,Muonio,1
Zayn Sharif,Female,+9677058980,Rovaniemi,0
Noah Smith,Female,+39796681283,Kittilä,0
Li Williams,Female,+90292294251,Utsjoki,0
Aisha Torres,Female,+51548866893,Utsjoki,0
Jose Lin,Female,+29798172278,Utsjoki,0
Layla Rivera,Male,+77497402033,Utsjoki,0
Liu Gonzalez,Female,+13153354156,Kolari,0
Charlotte Tanaka,Female,+89132810569,Sodankylä,1
Aisha Johnson,Female,+94578120219,Inari,0
Elijah Hernandez,Female,+12936724412,Rovaniemi,0
Lucia Zhao,Female,+96563306429,Muonio,0
Hiroshi Lopez,Female,+14101147983,Pajala,0
Carlos Martinez,Male,+42397009790,Kemijärvi,0
Noor Huang,Male,+12136140710,Kolari,0
Nao Zhou,Female,+75678027057,Kemijärvi,0
Liam Watanabe,Female,+16101594357,Sodankylä,0
Isabella Ramirez,Female,+14740803867,Kolari,1
Maria Sabri,Male,+68390888458,Sodankylä,0
Aiko Martinez,Female,+21154593262,Kemijärvi,0
Haruto Huang,Male,+95103060215,Utsjoki,0
Ren Jones,Male,+55511281319,Kolari,1
Noor Nasr,Female,+99470399619,Inari,0
Emma Sharif,Female,+13642773028,Pajala,0
Zayn Sharif,Female,+45428495827,Utsjoki,0
Aiko Martinez,Female,+79149777858,Rovaniemi,1
Omar Haddad,Male,+63888027866,Muonio,0
Zayn Suzuki,Female,+34883858457,Utsjoki,1
Ren Sabri,Male,+68811816515,Enontekiö,0
Rami Davis,Female,+7181590222,Enontekiö,1
Luis Xu,Female,+51881898699,Kittilä,0
Mateo Lopez,Male,+70556917041,Enontekiö,1
Zhang Sato,Female,+65766695139,Rovaniemi,0
Chen Jones,Female,+39618397505,Kittilä,0
Santiago Lopez,Male,+59656256270,Muonio,0
Charlotte Kobayashi,Female,+7289405060,Enontekiö,1
Maria Garcia,Female,+33169299304,Rovaniemi,0
Tao Yamamoto,Female,+76972341448,Pajala,0
Camila Xu,Female,+5152600087,Inari,1
Hua Lopez,Female,+1938349911,Sodankylä,0
Diego Hernandez,Female,+1780627924,Rovaniemi,0
Yuki Takahashi,Male,+84445385239,Enontekiö,1
Mei Fahmi,Female,+35159598293,Kolari,0
Diego Al-Farsi,Male,+64634007561,Rovaniemi,0
Luis Yamamoto,Female,+73507298936,Inari,0
Liu Zhou,Male,+61124675672,Utsjoki,0
Luis Lin,Male,+95378746997,Kittilä,0
Ren Johnson,Female,+28524340578,Kittilä,0
Diego Suzuki,Male,+83147477377,Kittilä,0
Wei Johnson,Female,+3193214691,Kemijärvi,1
Emma Zhou,Female,+17398150472,Kolari,0
Omar Mendoza,Male,+88535097746,Muonio,1
Aisha Martinez,Female,+58955868759,Utsjoki,0
Nao Lin,Male,+95405960907,Sodankylä,0
Oliver Miller,Male,+25155225378,Inari,0
Emma Rodriguez,Male,+31863786990,Enontekiö,0
Amir Kobayashi,Female,+93787321371,Kittilä,1
Takumi Suzuki,Female,+22975570347,Kemijärvi,1
Zayn Huang,Female,+44365880619,Rovaniemi,0
Takumi El-Amin,Female,+9324345044,Kemijärvi,0
Ava Kobayashi,Female,+87746888177,Muonio,0
Maria He,Male,+39264749783,Muonio,0
Camila Haddad,Female,+33164917056,Kemijärvi,0
Omar Gao,Female,+1837524548,Muonio,0
Diego Sharif,Female,+11338739212,Rovaniemi,0
Hiroshi Nasr,Male,+89462687497,Enontekiö,1
Akira Perez,Male,+36724603117,Enontekiö,0
Amir Zhou,Male,+13921071710,Inari,0
Mei Huang,Female,+45557701038,Pajala,1
Wang Nakamura,Female,+86621538174,Inari,0
Emma Ito,Male,+35181848788,Enontekiö,1
Sara El-Amin,Male,+82594622633,Rovaniemi,0
Hua Hernandez,Male,+15130954977,Sodankylä,1
Luis Williams,Male,+95568699479,Enontekiö,0
Noor Fahmi,Female,+16337600491,Utsjoki,0
Carlos Sabri,Female,+69340801324,Enontekiö,0
Sora Chen,Female,+50500770441,Enontekiö,0
Hassan Zhou,Female,+60429738348,Kittilä,0
Lucia Sanchez,Female,+82143184515,Rovaniemi,1
Luis Sabri,Male,+17567020814,Utsjoki,0
Aisha Chen,Male,+16886958836,Sodankylä,0
Omar Zhao,Male,+22256446268,Sodankylä,0
Sora He,Female,+39577956340,Inari,0
Noor Rahman,Male,+90748411310,Kolari,0
Yara Zhao,Female,+11164742316,Muonio,0
Wang Tanaka,Female,+92880791408,Inari,1
Ava Miller,Female,+93613398903,Utsjoki,0
Omar Rahman,Female,+48117345112,Kolari,0
Mia Wu,Female,+88200159911,Utsjoki,0
Amir Sun,Female,+2309626188,Pajala,0
Luis Williams,Female,+13513791417,Sodankylä,0
Nao Xu,Female,+62940997410,Pajala,0
Nao Wu,Female,+60337256424,Utsjoki,0
Sora Zhou,Male,+83488140008,Utsjoki,0
Yuki Al-Farsi,Female,+59238234458,Kolari,0
Mei Huang,Female,+14897203492,Muonio,1
Mei Nasr,Male,+18700860204,Kolari,1
Jing Chen,Female,+58781385284,Pajala,0
Tao Sabri,Male,+22721685959,Kemijärvi,0
Charlotte Wu,Female,+56865816216,Kemijärvi,0
Haruto Fahmi,Female,+7321521488,Kittilä,0
Diego Tanaka,Female,+23855579598,Kolari,0
Isabella Sun,Female,+27132267957,Rovaniemi,0
Liu Huang,Male,+67239885127,Rovaniemi,1
Emma Brown,Female,+21411283447,Enontekiö,0
Noor Brown,Male,+66533001196,Kemijärvi,0
Jing Lin,Male,+69723048140,Sodankylä,0
Akira Zhou,Male,+37447105521,Utsjoki,1
Zayn Zhao,Male,+12590967566,Kittilä,1
Ava Huang,Female,+40263372082,Sodankylä,0
Diego Watanabe,Male,+58482718977,Inari,0
Mia Xu,Female,+49622966695,Kemijärvi,1
Mateo Kobayashi,Female,+64364491577,Rovaniemi,0
Oliver Gao,Male,+85685248464,Sodankylä,0
Ava Chen,Female,+53827321224,Sodankylä,0
Mateo Kobayashi,Female,+97772099573,Pajala,0
Aiko Aziz,Female,+7451263118,Sodankylä,1
Valentina Flores,Female,+99506965758,Muonio,1
Lucia Sanchez,Female,+23728597114,Pajala,1
Mei El-Amin,Female,+22748622256,Enontekiö,0
Sophia Sabri,Male,+26382858377,Kittilä,0
Liam Khalil,Female,+8569722751,Kittilä,0
Valentina Jones,Male,+10882023577,Sodankylä,0
Sara Aziz,Male,+12666685689,Inari,0
Haruto Sato,Female,+10615645034,Pajala,0
Layla Rodriguez,Male,+33126110576,Kittilä,1
Camila Miller,Female,+27809228930,Rovaniemi,1
Nao Lopez,Female,+88602901637,Inari,1
Sophia Rodriguez,Male,+75404624672,Kolari,0
Haruto Suzuki,Male,+97687407620,Rovaniemi,1
Takumi Perez,Male,+64973516957,Inari,1
Maria Flores,Male,+3801662660,Muonio,0
Jose Watanabe,Female,+40608571858,Inari,0
Zayn Sabri,Male,+21388916253,Rovaniemi,0
Charlotte Khalil,Male,+67438048670,Enontekiö,0
Oliver Kato,Female,+32855960643,Kemijärvi,0
Maria Jones,Male,+44832105960,Kemijärvi,0
Charlotte Zhao,Female,+86367511368,Pajala,0
Ava Zhou,Male,+39506424827,Sodankylä,0
Elijah Sun,Male,+97942783424,Kemijärvi,0
Valentina Gao,Male,+34590926518,Enontekiö,0
Hassan Kobayashi,Female,+12103402514,Pajala,0
Diego Mendoza,Female,+85766878007,Utsjoki,0
Carlos Chen,Female,+51131223145,Pajala,0
Jing Khalil,Male,+70902607318,Enontekiö,0
Tao Xu,Female,+24933688834,Utsjoki,0
Zayn Al-Farsi,Male,+43946247973,Inari,1
Omar Sato,Male,+2568797137,Kemijärvi,0
Isabella Sabri,Male,+2174234879,Kittilä,0
Tao Watanabe,Female,+31927055342,Inari,0
Mia Torres,Female,+2752241962,Kemijärvi,0
Aiko Kobayashi,Female,+21369418314,Pajala,1
Wei Chen,Female,+61505098328,Muonio,1
Aiko Sanchez,Male,+26268324070,Kolari,0
Tao Gao,Male,+13768825592,Rovaniemi,0
Camila Smith,Male,+23232334634,Sodankylä,1
Diego Fahmi,Male,+73340992337,Kemijärvi,0
Oliver Takahashi,Female,+66162846068,Kittilä,0
Yuki Brown,Male,+63519879390,Muonio,0
Jose Tanaka,Male,+67773580508,Rovaniemi,0
Chen Kato,Female,+84448868408,Utsjoki,0
Sara Smith,Male,+21643533373,Kittilä,0
Wei Yamamoto,Male,+49521633831,Inari,1
Oliver Jones,Female,+29643421883,Sodankylä,1
Ren Sabri,Male,+74720735827,Kemijärvi,0
Yuki Smith,Female,+50435440986,Kemijärvi,0
Camila Jones,Male,+93967919207,Pajala,0
Ava Miller,Female,+38257762550,Kittilä,0
Akira Zhao,Female,+1777688931,Kemijärvi,0
Sara Hernandez,Male,+43587807089,Enontekiö,1
Noah Sun,Female,+36313319586,Utsjoki,0
Aiko Perez,Female,+15386206495,Rovaniemi,0
Aiko Nasr,Female,+42577092359,Muonio,1
Sophia Martinez,Female,+67655582246,Muonio,0
Mia He,Male,+63117610425,Inari,0
Oliver Fahmi,Female,+8293682132,Kemijärvi,0
Omar Gao,Female,+84936008002,Kittilä,1
Noor Hernandez,Female,+36943180551,Utsjoki,0
Nao Martinez,Male,+64468143425,Sodankylä,0
Hua Al-Farsi,Female,+88284702182,Sodankylä,0
Jing Perez,Female,+52625848596,Rovaniemi,1
Rami Kato,Female,+51569412027,Pajala,0
Isabella Sanchez,Male,+55779982249,Rovaniemi,1
Jose Kato,Female,+91496030813,Muonio,0
Aisha Williams,Female,+15835310141,Pajala,1
Mia Mendoza,Male,+37323749999,Enontekiö,1
Min Rahman,Male,+44863942068,Inari,0
Jing Fahmi,Female,+10801497688,Muonio,1
Takumi Perez,Male,+75294492862,Utsjoki,0
Aisha Al-Farsi,Male,+68448443876,Sodankylä,1
Elijah Sanchez,Male,+33247452056,Kolari,0
Mia Nakamura,Male,+14443238263,Kittilä,0
Santiago Gao,Male,+12340724283,Enontekiö,1
Mei Rivera,Male,+55207807832,Rovaniemi,0
Sophia Johnson,Female,+81758599167,Enontekiö,0
Liu Sharif,Male,+88111962769,Kemijärvi,1
Omar He,Female,+61205073954,Sodankylä,0
Nao Ramirez,Female,+93907458321,Kittilä,1
Aiko Wu,Female,+34180929918,Sodankylä,0
Sora Brown,Male,+95861180965,Inari,1
Jose Al-Farsi,Male,+99117822917,Kittilä,0
Yuki Smith,Female,+63828201875,Muonio,0
Noah Kato,Male,+50377325026,Enontekiö,1
Sora Huang,Male,+98199988202,Rovaniemi,1
Hua Sun,Female,+52956003357,Inari,1
Hua Johnson,Female,+20545590261,Enontekiö,0
Ren Miller,Female,+38510780829,Pajala,0
Wei Zhou,Female,+63790002383,Pajala,0
Elijah Brown,Female,+67941924830,Kittilä,0
Valentina Martinez,Female,+69734695095,Inari,1
Liu Mendoza,Female,+60466673482,Kolari,0
Elijah Torres,Female,+8706692725,Rovaniemi,0
Valentina Rodriguez,Female,+96318758223,Kolari,0
Yara He,Female,+53237197916,Enontekiö,1
Zhang Nasr,Male,+58447979184,Sodankylä,0
Isabella Jones,Female,+50756380788,Kittilä,0
Sara Lin,Female,+10122197126,Pajala,0
Lucia Chen,Male,+67678331337,Pajala,0
Liam Gao,Male,+7231135445,Kemijärvi,0
Zhang Sato,Female,+24845623545,Utsjoki,0
Ava Wu,Male,+18854871020,Muonio,0
Ava Davis,Female,+23828101313,Sodankylä,1
Aiko Mendoza,Female,+71854705058,Enontekiö,0
Yara He,Male,+20240082765,Pajala,0
Sara Sun,Female,+87959907157,Muonio,0
Layla Sabri,Female,+51107818617,Kolari,0
Zayn Fahmi,Male,+95326027463,Rovaniemi,0
Jing Zhou,Female,+50559253275,Rovaniemi,0
Ren Xu,Female,+75571360475,Enontekiö,1
Maria Johnson,Male,+13973344072,Sodankylä,0
Diego Huang,Male,+39207174572,Kittilä,0
Luis El-Amin,Male,+46413482142,Enontekiö,0
Aisha Takahashi,Male,+18364164111,Kittilä,0
Aisha Sanchez,Male,+16900664234,Kemijärvi,0
Sara Xu,Male,+16203930675,Kolari,1
Zayn Huang,Female,+50162154767,Kittilä,0
Layla Huang,Male,+20978187865,Kolari,1
Sora Miller,Female,+72313554913,Utsjoki,1
Noah Smith,Female,+53877715332,Enontekiö,0
Luis Sabri,Female,+74322745305,Kemijärvi,0
Yara Sabri,Male,+91773053293,Kittilä,1
Luis Huang,Male,+97150829046,Pajala,0
Yara Perez,Female,+20259610924,Kittilä,0
Yuki Perez,Female,+45764217543,Rovaniemi,1
Layla Watanabe,Male,+8524617379,Kittilä,1
Ren Zhao,Male,+2349270921,Inari,1
Haruto Jones,Female,+57644492777,Muonio,1
Oliver Xu,Male,+62940631940,Kemijärvi,0
Yara Garcia,Female,+59595157647,Utsjoki,0
Layla El-Amin,Female,+70396143862,Muonio,0
Camila Chen,Male,+12507890693,Kemijärvi,0
Charlotte Martinez,Female,+28789274101,Enontekiö,0
Rami Smith,Male,+28951004566,Kittilä,0
Li Tanaka,Male,+18785970214,Enontekiö,0
Diego Xu,Female,+17760130820,Kittilä,1
Jing Flores,Female,+81341733401,Pajala,0
Ren Zhao,Male,+25489830705,Muonio,0
Hua Smith,Male,+4723404425,Sodankylä,0
Layla Chen,Male,+43383486189,Muonio,0
Aisha Gao,Female,+40790613614,Sodankylä,0
Mia El-Amin,Male,+14774736029,Pajala,0
Wei Sabri,Male,+63202986403,Kittilä,0
Hassan Fahmi,Female,+9408618299,Sodankylä,0
Liam Perez,Male,+43227435925,Sodankylä,1
Mei Sabri,Male,+57154478117,Muonio,0
Camila Gao,Female,+98974977553,Muonio,0
Noah Al-Farsi,Female,+56219253351,Enontekiö,0
Wang Sharif,Male,+72116830117,Utsjoki,0
Chen Gonzalez,Male,+27196304274,Rovaniemi,0
Maria Zhou,Female,+66846441200,Pajala,1
Hassan Watanabe,Female,+6539966919,Rovaniemi,0
Aisha Xu,Male,+2627601105,Sodankylä,1
Aisha Rodriguez,Male,+47303192057,Kittilä,0
Sora Brown,Female,+42596436858,Enontekiö,1
Rami Gonzalez,Male,+99261330292,Kittilä,0
Maria Torres,Male,+31654199294,Enontekiö,1
Sora Jones,Male,+65431218152,Inari,0
Layla Zhou,Female,+60459579040,Kolari,0
Jing Perez,Male,+75250700417,Kolari,0
Haruto Kato,Female,+11179149767,Pajala,1
Sophia Nakamura,Male,+34311159312,Inari,0
Hua Tanaka,Male,+50635676215,Sodankylä,0
Aisha Gao,Female,+40497462938,Kolari,0
Yara Watanabe,Female,+35817813571,Kittilä,0
Jing Ito,Female,+86299896084,Rovaniemi,0
Mia Tanaka,Female,+90268270915,Kittilä,1
Liam Suzuki,Male,+73377850993,Muonio,0
Noah Kobayashi,Female,+86996091903,Muonio,0
Rami Brown,Male,+80703585310,Enontekiö,0
Santiago Brown,Female,+8727952068,Utsjoki,0
Layla Lin,Female,+29120124771,Pajala,0
Noor Garcia,Female,+95857454080,Kemijärvi,0
Valentina Yamamoto,Female,+59772664489,Sodankylä,1
Zayn Jones,Male,+74414647059,Enontekiö,0
Ren Sanchez,Male,+97992012350,Kolari,0
Chen Ito,Male,+49421171169,Enontekiö,0
Diego Lin,Male,+24803624612,Kemijärvi,0
Hassan Lopez,Female,+55718248904,Sodankylä,0
Emma Sun,Male,+14560124032,Pajala,1
Aisha Suzuki,Male,+71835128875,Inari,0
Ava Yamamoto,Male,+60478997010,Sodankylä,0
Omar Rodriguez,Male,+85158190873,Kemijärvi,0
Aiko Flores,Female,+79150809287,Rovaniemi,0
Diego Rodriguez,Male,+44664319345,Pajala,0
Akira Suzuki,Male,+74445716112,Muonio,0
Camila Gonzalez,Male,+59129776003,Sodankylä,0
Ren Mendoza,Male,+86560130968,Pajala,0
Layla Smith,Female,+71768523181,Kemijärvi,0
Mia Lin,Female,+52803698048,Inari,1
Mia Gonzalez,Male,+51450174485,Kittilä,0
Omar El-Amin,Male,+86515368357,Sodankylä,0
Hua Watanabe,Male,+55291554919,Pajala,0
Luis Zhou,Male,+57236793295,Kemijärvi,0
Mia Kato,Male,+13485923905,Kolari,1
Aiko Wu,Male,+44950148243,Utsjoki,0
Luis Hernandez,Female,+91586680665,Utsjoki,0
Hiroshi Flores,Male,+3496823194,Muonio,0
Sara Suzuki,Male,+29815910387,Kemijärvi,1
Hua Miller,Female,+39499724589,Inari,0
Charlotte Nasr,Male,+82622334177,Muonio,0
Li Al-Farsi,Male,+56994747988,Rovaniemi,0
Diego Ramirez,Male,+79540521111,Kolari,0
Hassan Ito,Male,+14305469887,Rovaniemi,0
Hassan Fahmi,Male,+94734475509,Rovaniemi,1
Tao Zhou,Female,+29255460123,Utsjoki,0
Sora Sun,Female,+2163872147,Pajala,0
Layla Suzuki,Male,+66885101534,Utsjoki,0
Ren Zhou,Female,+84893342539,Muonio,0
Zayn Jones,Male,+67270283530,Kolari,1
Lucia Sharif,Female,+60552717066,Muonio,1
Hassan Aziz,Male,+23971850217,Utsjoki,0
Maria El-Amin,Male,+1753093194,Pajala,0
Lucia Zhao,Male,+33732581906,Pajala,1
Charlotte Johnson,Male,+53785207937,Kolari,0
Min Zhao,Male,+49681092084,Inari,0
Aisha Aziz,Female,+49253252572,Kemijärvi,0
Ren Nakamura,Female,+41236962291,Utsjoki,0
Isabella Zhao,Female,+33658429986,Enontekiö,0
Yuki Haddad,Female,+31270510339,Enontekiö,1
Nao Ito,Male,+3401479324,Inari,0
Hassan Gao,Male,+49692878003,Kemijärvi,0
Omar Sharif,Female,+41694773270,Utsjoki,0
Hua Xu,Female,+85918787106,Kittilä,0
Ava Perez,Female,+5318727997,Utsjoki,0
Amir Haddad,Female,+40578286008,Pajala,0
Mateo Gao,Male,+61892096231,Rovaniemi,0
Akira Zhao,Male,+51137092641,Kittilä,0
Nao Gao,Male,+61163731975,Enontekiö,0
Carlos Chen,Male,+85890171165,Utsjoki,0
Mia Sabri,Male,+5518604090,Enontekiö,0
Tao Johnson,Female,+75854933990,Muonio,1
Mateo Watanabe,Male,+24601783448,Kittilä,1
Carlos Fahmi,Male,+45669351711,Kolari,0
Elijah Haddad,Male,+81831941474,Kolari,0
Li Davis,Female,+30157537802,Utsjoki,0
Lucia Ramirez,Male,+59701053046,Rovaniemi,0
Hiroshi Smith,Female,+69866494180,Kittilä,0
Lucia Jones,Male,+44362189709,Kemijärvi,1
Diego Sato,Male,+28196187808,Muonio,1
Isabella Gao,Male,+87183011990,Pajala,0
Akira Wu,Female,+11304902832,Kemijärvi,0
Layla Torres,Female,+95234393972,Pajala,0
Sophia Jones,Male,+20379592655,Utsjoki,0
Min Sanchez,Female,+26278903644,Inari,1
Mateo Sharif,Male,+6670828534,Sodankylä,0
Hua Kato,Female,+24657902882,Pajala,0
Min Brown,Female,+33112529880,Sodankylä,1
Luis Kato,Male,+63799287940,Muonio,0
Mateo Ramirez,Male,+81908114802,Kemijärvi,1
Amir Flores,Male,+7138893477,Muonio,0
Mei Perez,Female,+21937951904,Kemijärvi,0
Elijah Martinez,Male,+75294058704,Kittilä,0
Jing Al-Farsi,Female,+45323721793,Sodankylä,1
Santiago Haddad,Female,+49818557747,Utsjoki,1
Hassan Rahman,Male,+51767722723,Utsjoki,0
Lucia Smith,Female,+6233116935,Utsjoki,0
Wei Torres,Male,+19546475779,Sodankylä,0
Tao Sun,Male,+44627067124,Inari,0
Charlotte El-Amin,Male,+71538055119,Enontekiö,1
Chen Yamamoto,Female,+45388240982,Rovaniemi,0
Jose Lin,Male,+44198854075,Utsjoki,0
Aiko Huang,Female,+65707384282,Sodankylä,0
Wang El-Amin,Female,+53982843544,Utsjoki,0
Valentina Johnson,Male,+75461498951,Enontekiö,1
Santiago Garcia,Female,+39938680101,Muonio,0
Camila Smith,Male,+16907897431,Kolari,0
Hua Davis,Female,+64793037975,Rovaniemi,0
Lucia Watanabe,Female,+4526627250,Utsjoki,0
Emma Sanchez,Female,+13108452079,Rovaniemi,0
Ava Sun,Male,+7977266866,Kolari,0
Omar Torres,Female,+46150371680,Inari,0
Diego Davis,Female,+95600512138,Enontekiö,0
Hua Smith,Female,+41191162985,Rovaniemi,1
Jose Wu,Male,+19734487273,Kolari,0
Haruto Huang,Male,+1886977844,Kittilä,0
Sophia Wu,Male,+59413787234,Rovaniemi,0
Diego El-Amin,Female,+60961567845,Kittilä,0
Oliver Kobayashi,Female,+45220254656,Muonio,0
Sora Hernandez,Female,+33621285126,Kemijärvi,0
Amir Takahashi,Female,+16719673163,Enontekiö,0
Sophia Sanchez,Male,+73310298564,Utsjoki,0
Emma Perez,Female,+45737441069,Utsjoki,0
Nao Jones,Male,+82958580517,Muonio,0
Zayn Johnson,Female,+43223955823,Enontekiö,0
Noah Rivera,Male,+89572920535,Inari,1
Yuki Davis,Female,+50195907246,Rovaniemi,0
Nao Sato,Female,+22100502875,Utsjoki,0
Wang Huang,Female,+99559163697,Pajala,1
Wang Sabri,Male,+16597224029,Kolari,0
Hua Smith,Male,+89356502327,Muonio,1
Charlotte Lopez,Female,+80874061012,Kemijärvi,0
Rami Sanchez,Male,+40358074663,Rovaniemi,0
Rami Sanchez,Male,+8755141851,Kittilä,0
Rami Watanabe,Female,+6662358099,Enontekiö,0
Aisha Nakamura,Male,+49516075107,Rovaniemi,0
Sora Flores,Female,+21442916065,Inari,0
Li He,Male,+70778715349,Kolari,1
Haruto Huang,Male,+30195759838,Inari,0
Charlotte Aziz,Male,+99564997042,Pajala,0
Sora Hernandez,Male,+40768161881,Sodankylä,0
Lucia El-Amin,Female,+69581158825,Pajala,1
Hiroshi Takahashi,Male,+31183365159,Muonio,0
Amir Tanaka,Female,+80385526009,Enontekiö,0
Wei Sabri,Male,+48425406896,Sodankylä,1
Wei Zhou,Female,+9937683022,Kolari,0
Yuki Gao,Male,+72966463226,Utsjoki,1
Mei Rivera,Male,+18876789227,Kemijärvi,1
Jose Zhou,Female,+62469529122,Sodankylä,0
Mateo Sun,Male,+64216930384,Pajala,1
Emma Suzuki,Female,+73788336999,Sodankylä,1
Zhang Chen,Male,+50969628504,Enontekiö,0
Sora Ramirez,Male,+22236037231,Utsjoki,0
Min Tanaka,Male,+83957538493,Kemijärvi,0
Zayn Mendoza,Male,+58576138386,Pajala,0
Santiago Rivera,Male,+28480087173,Sodankylä,0
Oliver Rodriguez,Female,+10361084404,Inari,1
Layla Brown,Male,+78306527732,Inari,0
Santiago He,Female,+41495158480,Pajala,1
Tao Huang,Male,+1617762818,Enontekiö,0
Wei Gonzalez,Male,+4796741972,Enontekiö,1
Sora Khalil,Male,+78749021005,Inari,0
Hassan Brown,Female,+79589330894,Rovaniemi,0
Sophia Torres,Female,+1211338806,Sodankylä,0
Maria Rodriguez,Female,+45155855600,Kittilä,0
Lucia Torres,Male,+72123781385,Utsjoki,1
Akira Flores,Female,+10167969701,Kolari,1
Charlotte Jones,Male,+77825469384,Kolari,0
Noor Zhao,Male,+74422861060,Sodankylä,0
Takumi Khalil,Male,+82427882740,Kittilä,0
Nao Sharif,Male,+84848872654,Kemijärvi,1
Luis Wu,Male,+6578472197,Enontekiö,1
Valentina Perez,Female,+46542632624,Utsjoki,0
Amir Brown,Female,+73720655643,Muonio,1
Lucia Watanabe,Male,+26188027437,Enontekiö,1
Emma Huang,Female,+61890937388,Kemijärvi,1
Elijah Williams,Male,+63449787768,Kolari,1
Luis Zhou,Female,+85794489127,Utsjoki,1
Rami Tanaka,Male,+87203486725,Enontekiö,0
Aisha Ito,Male,+9988231461,Kolari,0
Rami Sharif,Female,+19503052571,Rovaniemi,0
Akira Martinez,Male,+89454634534,Utsjoki,0
Ren Sun,Female,+69246737238,Sodankylä,1
Tao Fahmi,Male,+57631056762,Inari,0
Yara Hernandez,Male,+69982465674,Kemijärvi,0
Zayn Sato,Female,+6904795451,Pajala,1
Sophia Rivera,Male,+86358787690,Enontekiö,1
Zhang Sabri,Male,+81129288042,Muonio,0
Zayn Haddad,Male,+19713069388,Sodankylä,1
Rami Gao,Male,+39611897585,Kemijärvi,0
Wang Martinez,Male,+93701031697,Pajala,0
Omar Perez,Male,+1809281886,Kolari,0
Aiko Perez,Female,+86634954742,Pajala,0
Rami Ramirez,Female,+50161509715,Kemijärvi,0
Yuki Sato,Male,+99553481136,Muonio,0
Zayn Rahman,Female,+49149960434,Utsjoki,1
Lucia Aziz,Female,+19621532612,Sodankylä,1
Diego Tanaka,Male,+91378140856,Rovaniemi,1
Diego Sanchez,Female,+92466151557,Rovaniemi,0
Yara Garcia,Female,+77575778900,Enontekiö,1
Omar Watanabe,Male,+28164987137,Utsjoki,0
Sophia Davis,Female,+21252329863,Kittilä,1
Liam El-Amin,Male,+16203273033,Kittilä,0
Valentina Tanaka,Male,+60969766447,Inari,0
Isabella He,Male,+59206683500,Rovaniemi,0
Lucia Suzuki,Female,+7451567419,Inari,1
Ren Huang,Male,+75503090953,Kittilä,0
Jose Flores,Male,+91469773018,Muonio,1
Valentina Rivera,Female,+54572733685,Kolari,0
Mei Nasr,Female,+1430476068,Utsjoki,0
Carlos Rivera,Female,+78662235661,Muonio,1
Takumi Kobayashi,Female,+22265680595,Muonio,0
Yara Hernandez,Male,+46328495097,Enontekiö,0
Haruto Gao,Female,+16521414686,Rovaniemi,0
Rami Ramirez,Female,+8530654882,Kolari,0
Camila Rodriguez,Female,+38224782850,Sodankylä,0
Akira Brown,Male,+34187521083,Kemijärvi,0
Li Yamamoto,Male,+96180531127,Enontekiö,0
Valentina Ito,Female,+85876113457,Pajala,0
Hassan Huang,Female,+21466958086,Inari,0
Tao Garcia,Female,+30188108260,Utsjoki,1
Maria Martinez,Female,+17402067731,Inari,0
Takumi Tanaka,Male,+76319918562,Inari,0
Akira Rodriguez,Female,+47145528575,Pajala,1
Amir Sato,Female,+80411463259,Kolari,0
Oliver Miller,Male,+84420919922,Sodankylä,0
Noor Sato,Male,+85602442771,Muonio,0
Liu Nasr,Female,+49404306024,Pajala,1
Yuki Martinez,Female,+30677736825,Kemijärvi,0
Emma Hernandez,Female,+33636269038,Utsjoki,0
Jose Huang,Female,+88178185471,Rovaniemi,0
Ava Nasr,Female,+3797463103,Muonio,0
Diego Nakamura,Female,+56336929804,Inari,0
Isabella Suzuki,Female,+38119177381,Inari,0
Layla Miller,Female,+16468022742,Utsjoki,1
Camila Al-Farsi,Male,+16855139159,Kittilä,0
Amir Sun,Male,+77384538071,Kittilä,1
Zayn Tanaka,Female,+91150944454,Muonio,0
Layla Miller,Male,+12746305009,Enontekiö,1
Wei Martinez,Female,+47592375897,Sodankylä,0
Chen Suzuki,Male,+65180872797,Pajala,0
Maria Watanabe,Male,+34262707611,Sodankylä,0
Sara Khalil,Male,+92349574846,Sodankylä,0
Santiago Suzuki,Female,+97473608302,Rovaniemi,0
Elijah Rahman,Female,+45740503536,Muonio,0
Min Zhao,Female,+95748200347,Inari,0
Layla Takahashi,Female,+10600937913,Pajala,1
Diego Zhao,Female,+31329487616,Kemijärvi,0
Santiago Flores,Female,+65380363638,Rovaniemi,0
Oliver Gonzalez,Male,+15383277993,Sodankylä,0
Elijah Sabri,Male,+44921112890,Kolari,1
Aiko Sabri,Male,+34789975389,Pajala,1
Chen Aziz,Female,+18675970078,Kemijärvi,1
Wei Lopez,Male,+7389880051,Enontekiö,0
Camila Xu,Male,+92302683557,Utsjoki,0
Sophia Chen,Female,+37373615251,Muonio,0
Lucia Johnson,Male,+49153478405,Kemijärvi,1
Oliver Miller,Female,+78851615863,Inari,0
Noah Ramirez,Female,+50894762990,Utsjoki,0
Wei Sabri,Male,+17764675037,Enontekiö,0
Akira Takahashi,Male,+24837880699,Inari,1
Min Chen,Male,+59579005989,Rovaniemi,0
Haruto Rodriguez,Female,+30902628957,Sodankylä,0
Valentina Gao,Male,+66382658746,Rovaniemi,1
Rami Takahashi,Female,+54598407634,Sodankylä,0
Jing Watanabe,Male,+21136316811,Sodankylä,0
Yuki Jones,Male,+61550196751,Kittilä,1
Sophia Martinez,Female,+83158504344,Rovaniemi,0
Ren El-Amin,Male,+14610310174,Pajala,1
Liam Lin,Female,+99617517606,Kittilä,0
Yuki Nasr,Male,+56157909054,Enontekiö,1
Santiago Ramirez,Female,+71547431884,Pajala,1
Elijah Ito,Female,+69781069695,Utsjoki,1
Haruto El-Amin,Female,+64131891238,Sodankylä,0
Sophia Brown,Male,+25723128089,Enontekiö,0
Yara Takahashi,Male,+92694339487,Utsjoki,0
Amir Lin,Male,+85304949529,Rovaniemi,1
Akira Rodriguez,Male,+35515429608,Inari,1
Charlotte Khalil,Male,+36603300696,Inari,0
Oliver Sabri,Male,+4621453913,Muonio,0
Nao Sanchez,Female,+55918643422,Muonio,0
Wang Johnson,Male,+3672295106,Kemijärvi,0
Sophia Zhao,Female,+55273908338,Inari,0
Hua Davis,Female,+49984983573,Inari,1
Luis Haddad,Male,+39185525076,Kolari,0
Liam Johnson,Female,+78852551904,Kemijärvi,1
Jose Suzuki,Male,+10705984169,Rovaniemi,0
Diego Smith,Male,+23167670995,Kolari,1
Layla Wu,Male,+69616357156,Sodankylä,1
Charlotte Wu,Female,+27198633827,Muonio,0
Nao Ito,Female,+62383829632,Muonio,0
Diego Perez,Male,+13989356935,Enontekiö,0
Ava Lin,Male,+85134603416,Pajala,0
Maria Nakamura,Female,+74496255386,Pajala,0
Luis Haddad,Female,+74942175987,Kemijärvi,0
Hassan Rivera,Female,+90236178647,Sodankylä,0
Rami Sabri,Female,+50306356912,Enontekiö,1
Li He,Male,+78818641429,Kittilä,1
Hiroshi El-Amin,Female,+83131000603,Kemijärvi,1
Chen Gao,Female,+87480042822,Kolari,0
Nao Takahashi,Male,+79772432334,Utsjoki,0
Jing Zhao,Female,+45269907203,Kolari,0
Mei Perez,Male,+27263023682,Muonio,0
Elijah Aziz,Female,+21480143422,Utsjoki,0
Hua Al-Farsi,Female,+88429314595,Rovaniemi,0
Diego Flores,Male,+60135296156,Inari,0
Jose Ito,Male,+98121401611,Kittilä,0
Sara Xu,Male,+29292251884,Kolari,0
Emma Al-Farsi,Female,+29440482354,Kolari,0
Charlotte El-Amin,Male,+98159318684,Sodankylä,1
Min Nakamura,Female,+89309383608,Kemijärvi,0
Aisha Brown,Male,+9805918204,Kittilä,0
Isabella Zhou,Male,+70118397044,Rovaniemi,0
Oliver Rivera,Female,+5573115730,Inari,0
Sophia Williams,Male,+5267926464,Sodankylä,0
Haruto El-Amin,Female,+36403037409,Kittilä,0
Lucia Davis,Male,+44550473403,Kittilä,0
Rami Huang,Female,+34484143172,Sodankylä,0
Diego Lopez,Male,+68312114576,Utsjoki,0
Chen Kato,Male,+92595403121,Sodankylä,0
Mei Perez,Female,+73607946980,Kolari,0
Emma Sharif,Male,+48946091984,Kemijärvi,0
Rami Gao,Male,+13812378787,Enontekiö,0
Ren Hernandez,Male,+57586286126,Enontekiö,1
Mia Fahmi,Male,+10146858929,Pajala,0
Mateo Rodriguez,Male,+87854218052,Kolari,1
Wei Sanchez,Female,+16540424508,Kemijärvi,0
Jose Ito,Female,+35790679810,Enontekiö,1
